residues in contact,ROI partner position,ROI partner residue,ROI partner domain,second partner position,second partner residue,second partner domain,median contacts distance,number atoms contacts,atoms contacts,atoms contacts distances,ROI partner types
719ALA_661ARG,719,ALA,HVR,661,ARG,Metal Binding Domain nsP2,1.8875746729195544,1,ALA719_O-ARG661_NH2-HH22,1.8875746729195544,donor
721HIE_742TRP,721,HIE,HVR,742,TRP,HVR,2.004909704894588,1,HIE721_O-TRP742_N-H,2.004909704894588,donor
721HIE_709GLY,721,HIE,HVR,709,GLY,between Metal Binding Domain nsP2 and HVR,1.9830391683110995,1,GLY709_O-HIE721_NE2-HE2,1.9830391683110995,acceptor
740ASP_723ALA,740,ASP,HVR,723,ALA,HVR,2.0263120927077063,1,ASP740_O-ALA723_N-H,2.0263120927077063,donor
744PHE_661ARG,744,PHE,HVR,661,ARG,Metal Binding Domain nsP2,1.950536299545912,1,PHE744_O-ARG661_NE-HE,1.950536299545912,donor
749GLU_657ARG,749,GLU,HVR,657,ARG,Metal Binding Domain nsP2,2.0457594724069184,2,GLU749_OE1-ARG657_NH1-HH12 | GLU749_OE2-ARG657_NH1-HH12,2.078566121088114 | 2.012952823725723,donor | donor
760PRO_294GLY,760,PRO,HVR,294,GLY,Putative Capping Pore nsP1,1.9920742503365747,1,PRO760_O-GLY294_N-H,1.9920742503365747,donor
762SER_292ILE,762,SER,HVR,292,ILE,Putative Capping Pore nsP1,2.0108190837467346,1,ILE292_O-SER762_N-H,2.0108190837467346,acceptor
791LYS_458ARG,791,LYS,HVR,458,ARG,Putative Capping Pore nsP1,2.3806778507132345,1,LYS791_O-ARG458_NH1-HH12,2.3806778507132345,donor
795ASP_458ARG,795,ASP,HVR,458,ARG,Putative Capping Pore nsP1,2.1442906234130525,1,ASP795_O-ARG458_NE-HE,2.1442906234130525,donor
807THR_143ARG,807,THR,HVR,143,ARG,Putative Capping Pore nsP1,1.968647168960699,1,THR807_OG1-ARG143_NH2-HH22,1.968647168960699,donor
813THR_103LEU,813,THR,HVR,103,LEU,Putative Capping Pore nsP1,2.1462810883053938,1,LEU103_O-THR813_N-H,2.1462810883053938,acceptor
826PRO_94ARG,826,PRO,HVR,94,ARG,Putative Capping Pore nsP1,1.9403577806877723,1,PRO826_O-ARG94_NH1-HH12,1.9403577806877723,donor
831ARG_897ASP,831,ARG,HVR,897,ASP,Macro Domain nsP3,2.0563077815522184,2,ASP897_OD1-ARG831_NH1-HH12 | ASP897_OD2-ARG831_NH1-HH12,2.029564037841346 | 2.0830515252630906,acceptor | acceptor
834PRO_40ARG,834,PRO,HVR,40,ARG,Putative Capping Pore nsP1,2.0956424103964117,1,PRO834_O-ARG40_N-H,2.0956424103964117,donor
836SER_912ARG,836,SER,HVR,912,ARG,Macro Domain nsP3,1.9809543621911052,1,SER836_OG-ARG912_NH1-HH11,1.9809543621911052,donor
836SER_40ARG,836,SER,HVR,40,ARG,Putative Capping Pore nsP1,2.0141381850118965,1,SER836_O-ARG40_NH1-HH11,2.0141381850118965,donor
837PRO_888ARG,837,PRO,HVR,888,ARG,Macro Domain nsP3,2.066166593320501,1,PRO837_O-ARG888_NE-HE,2.066166593320501,donor
838PRO_888ARG,838,PRO,HVR,888,ARG,Macro Domain nsP3,1.8678852684143104,1,PRO838_O-ARG888_NH2-HH21,1.8678852684143104,donor
840ARG_17GLU,840,ARG,HVR,17,GLU,Putative Capping Pore nsP1,2.0507559577384367,2,GLU17_OE1-ARG840_NH2-HH21 | GLU17_OE2-ARG840_NH2-HH21,2.0299885049996584 | 2.071523410477215,acceptor | acceptor
840ARG_980GLU,840,ARG,HVR,980,GLU,Macro Domain nsP3,2.089599319439177,2,GLU980_OE1-ARG840_NH2-HH22 | GLU980_OE2-ARG840_NH2-HH22,2.15918672646625 | 2.0200119124121043,acceptor | acceptor
841THR_51GLN,841,THR,HVR,51,GLN,Putative Capping Pore nsP1,2.0483898683567148,1,GLN51_OE1-THR841_N-H,2.0483898683567148,acceptor
